{
  "metrics": {
    "accuracy": 0.7810981535471332,
    "precision": 0.7939553462394279,
    "recall": 0.7810981535471332,
    "f1": 0.7802901502405618,
    "precision_per_class": [
      0.7692307692307693,
      0.9024390243902439,
      0.75,
      0.7575757575757576,
      0.625,
      1.0,
      0.8780487804878049,
      0.65625,
      0.6341463414634146,
      0.8059701492537313,
      0.7111111111111111,
      0.6470588235294118,
      0.9166666666666666,
      0.7941176470588235,
      1.0,
      0.6,
      0.8461538461538461,
      0.5151515151515151,
      0.95,
      0.6086956521739131,
      0.6666666666666666,
      0.5714285714285714,
      0.9629629629629629,
      0.8484848484848485,
      0.9629629629629629,
      0.8222222222222222,
      0.8717948717948718,
      0.782608695652174,
      0.42424242424242425,
      0.71875,
      0.9047619047619048,
      0.95,
      0.9230769230769231,
      0.8846153846153846,
      0.84,
      0.7804878048780488,
      0.5714285714285714,
      0.8421052631578947,
      0.717948717948718,
      0.8666666666666667,
      0.75,
      0.78125,
      0.7777777777777778,
      0.9655172413793104,
      0.8235294117647058,
      0.75,
      0.44680851063829785,
      0.5925925925925926,
      0.8666666666666667,
      0.5952380952380952,
      0.675,
      0.6774193548387096,
      0.6410256410256411,
      0.4642857142857143,
      0.7027027027027027,
      0.75,
      0.7352941176470589,
      0.5777777777777777,
      0.9090909090909091,
      0.7631578947368421,
      0.7446808510638298,
      0.7272727272727273,
      0.8709677419354839,
      1.0,
      0.8518518518518519,
      0.9655172413793104,
      0.8787878787878788,
      0.9285714285714286,
      0.8666666666666667,
      0.9032258064516129,
      0.8461538461538461,
      0.84,
      0.88,
      0.9655172413793104,
      0.8,
      0.6176470588235294,
      0.7419354838709677,
      0.8285714285714286,
      0.9117647058823529,
      0.75,
      0.55,
      0.6818181818181818,
      0.9,
      0.8,
      0.8095238095238095,
      0.8620689655172413,
      0.8,
      0.6060606060606061,
      0.925,
      0.6785714285714286,
      0.9032258064516129,
      0.7777777777777778,
      0.7741935483870968,
      1.0,
      0.631578947368421,
      0.8695652173913043,
      0.9714285714285714,
      0.37142857142857144,
      0.6923076923076923,
      0.6551724137931034,
      0.8823529411764706,
      0.7272727272727273,
      0.7407407407407407,
      0.9069767441860465,
      0.7941176470588235,
      0.7708333333333334,
      0.8958333333333334,
      0.9285714285714286,
      0.9333333333333333,
      1.0,
      1.0,
      0.8974358974358975,
      0.7142857142857143,
      0.625,
      0.6,
      0.75,
      0.9444444444444444,
      0.7931034482758621,
      0.967741935483871,
      0.95
    ],
    "recall_per_class": [
      0.7692307692307693,
      0.8604651162790697,
      0.875,
      0.8333333333333334,
      0.6666666666666666,
      0.8205128205128205,
      0.9473684210526315,
      0.84,
      0.7027027027027027,
      0.9642857142857143,
      0.8205128205128205,
      0.8461538461538461,
      0.868421052631579,
      0.9,
      0.8709677419354839,
      0.48,
      0.36666666666666664,
      0.68,
      0.59375,
      0.6829268292682927,
      0.6976744186046512,
      0.6857142857142857,
      0.8125,
      0.875,
      0.7428571428571429,
      0.8809523809523809,
      0.6415094339622641,
      0.9230769230769231,
      0.56,
      0.6571428571428571,
      0.926829268292683,
      0.9047619047619048,
      0.8,
      0.8214285714285714,
      0.5675675675675675,
      0.8888888888888888,
      0.45714285714285713,
      0.5333333333333333,
      0.6363636363636364,
      0.8666666666666667,
      0.868421052631579,
      0.8333333333333334,
      0.9032258064516129,
      0.875,
      0.8,
      0.6857142857142857,
      0.8076923076923077,
      0.5714285714285714,
      0.896551724137931,
      0.8928571428571429,
      0.7105263157894737,
      0.6774193548387096,
      1.0,
      0.48148148148148145,
      0.896551724137931,
      0.967741935483871,
      0.8620689655172413,
      0.7428571428571429,
      0.6666666666666666,
      0.7837837837837838,
      0.8333333333333334,
      0.8571428571428571,
      0.7714285714285715,
      0.8387096774193549,
      0.71875,
      0.9032258064516129,
      0.8285714285714286,
      0.7428571428571429,
      0.7428571428571429,
      0.8,
      0.9166666666666666,
      0.875,
      0.88,
      0.9333333333333333,
      0.875,
      0.7,
      0.71875,
      0.90625,
      0.8611111111111112,
      0.6666666666666666,
      0.39285714285714285,
      0.8333333333333334,
      0.5454545454545454,
      0.9411764705882353,
      0.5862068965517241,
      0.8620689655172413,
      1.0,
      0.8333333333333334,
      0.8222222222222222,
      0.6785714285714286,
      0.6829268292682927,
      0.75,
      0.8571428571428571,
      0.7352941176470589,
      0.8275862068965517,
      0.6451612903225806,
      0.918918918918919,
      0.4642857142857143,
      0.5806451612903226,
      0.48717948717948717,
      0.8823529411764706,
      0.9302325581395349,
      0.9523809523809523,
      0.975,
      0.7714285714285715,
      0.8409090909090909,
      0.9148936170212766,
      0.8863636363636364,
      0.9032258064516129,
      0.9705882352941176,
      0.7692307692307693,
      0.8536585365853658,
      0.6,
      0.5952380952380952,
      0.36585365853658536,
      0.5806451612903226,
      0.8947368421052632,
      0.7666666666666667,
      0.8823529411764706,
      0.9047619047619048
    ],